population,p_value,significant
b_cell,0.055702309738266245,No
cd8_t_cell,0.6390858847346418,No
cd4_t_cell,0.013344218813937624,Yes
nk_cell,0.1210507982042857,No
monocyte,0.16315013268752876,No
